secid,date,cusip,ticker,sic,index_flag,exchange_d,class,issue_type,industry_group,low,high,open,close,volume,return,cfadj,shrout,cfret
101594,20180102,03783310,AAPL,3571,0,4,,0,314,169.26,172.3,170.16,172.26,25547779,0.017905,28,5087056,31.23725
101594,20180103,03783310,AAPL,3571,0,4,,0,314,171.96,174.55,172.53,172.23,29505329,-0.000174,28,5087056,31.23725
101594,20180104,03783310,AAPL,3571,0,4,,0,314,172.08,173.47,172.54,173.03,22421552,0.004645,28,5087056,31.23725
101594,20180105,03783310,AAPL,3571,0,4,,0,314,173.05,175.37,173.44,175,23656013,0.011385,28,5087056,31.23725
101594,20180108,03783310,AAPL,3571,0,4,,0,314,173.93,175.61,174.35,174.35,20551040,-0.003714,28,5087056,31.23725
101594,20180109,03783310,AAPL,3571,0,4,,0,314,173.41,175.06,174.55,174.33,21579291,-0.000115,28,5087056,31.23725
101594,20180110,03783310,AAPL,3571,0,4,,0,314,173,174.3,173.16,174.29,23953898,-0.000229,28,5087056,31.23725
101594,20180111,03783310,AAPL,3571,0,4,,0,314,174.49,175.4886,174.59,175.28,18664676,0.00568,28,5087056,31.23725
101594,20180112,03783310,AAPL,3571,0,4,,0,314,175.65,177.36,176.18,177.09,25411568,0.010326,28,5087056,31.23725
101594,20180116,03783310,AAPL,3571,0,4,,0,314,176.14,179.39,177.9,176.19,29561225,-0.005082,28,5087056,31.23725
101594,20180117,03783310,AAPL,3571,0,4,,0,314,175.07,179.25,176.15,179.1,34364894,0.016516,28,5087056,31.23725
101594,20180118,03783310,AAPL,3571,0,4,,0,314,178.25,180.1,179.37,179.26,31170876,0.000893,28,5087056,31.23725
101594,20180119,03783310,AAPL,3571,0,4,,0,314,177.41,179.58,178.61,178.46,32411925,-0.004463,28,5087056,31.23725
101594,20180122,03783310,AAPL,3571,0,4,,0,314,176.6016,177.78,177.3,177,27102136,-0.008181,28,5087056,31.23725
101594,20180123,03783310,AAPL,3571,0,4,,0,314,176.82,179.44,177.3,177.04,32677214,0.000226,28,5087056,31.23725
101594,20180124,03783310,AAPL,3571,0,4,,0,314,173.2,177.3,177.25,174.22,51210760,-0.015929,28,5087056,31.23725
101594,20180125,03783310,AAPL,3571,0,4,,0,314,170.53,174.95,174.505,171.11,41517499,-0.017851,28,5087056,31.23725
101594,20180126,03783310,AAPL,3571,0,4,,0,314,170.06,172,172,171.51,39128076,0.002338,28,5087056,31.23725
101594,20180129,03783310,AAPL,3571,0,4,,0,314,167.07,170.16,170.16,167.96,50635860,-0.020698,28,5087056,31.23725
101594,20180130,03783310,AAPL,3571,0,4,,0,314,164.7,167.37,165.525,166.97,46036596,-0.005894,28,5087056,31.23725
101594,20180131,03783310,AAPL,3571,0,4,,0,314,166.5,168.4417,166.87,167.43,32444612,0.002755,28,5087056,31.23725
101594,20180201,03783310,AAPL,3571,0,4,,0,314,166.76,168.62,167.165,167.78,47134921,0.00209,28,5087056,31.23725
101594,20180202,03783310,AAPL,3571,0,4,,0,314,160.1,166.8,166,160.5,86537413,-0.04339,28,5087056,31.23725
101594,20180205,03783310,AAPL,3571,0,4,,0,314,156,163.88,159.1,156.49,72461920,-0.024984,28,5074013,31.23725
101594,20180206,03783310,AAPL,3571,0,4,,0,314,154,163.72,154.83,163.03,68234123,0.041792,28,5074013,31.23725
101594,20180207,03783310,AAPL,3571,0,4,,0,314,159.0685,163.4,163.085,159.54,51592297,-0.021407,28,5074013,31.23725
101594,20180208,03783310,AAPL,3571,0,4,,0,314,155.03,161,160.29,155.15,54358025,-0.027517,28,5074013,31.23725
101594,20180209,03783310,AAPL,3571,0,4,,0,314,150.24,157.89,157.07,156.41,70662191,0.012182,28,5074013,31.36307
101594,20180212,03783310,AAPL,3571,0,4,,0,314,157.51,163.89,158.5,162.71,60808377,0.040279,28,5074013,31.36307
101594,20180213,03783310,AAPL,3571,0,4,,0,314,161.65,164.75,161.95,164.34,32542243,0.010018,28,5074013,31.36307
101594,20180214,03783310,AAPL,3571,0,4,,0,314,162.88,167.54,163.045,167.37,40611567,0.018437,28,5074013,31.36307
101594,20180215,03783310,AAPL,3571,0,4,,0,314,169,173.09,169.79,172.99,51131136,0.033578,28,5074013,31.36307
101594,20180216,03783310,AAPL,3571,0,4,,0,314,171.77,174.82,172.36,172.43,40161364,-0.003237,28,5074013,31.36307
101594,20180220,03783310,AAPL,3571,0,4,,0,314,171.42,174.26,172.05,171.85,33924657,-0.003364,28,5074013,31.36307
101594,20180221,03783310,AAPL,3571,0,4,,0,314,171.01,174.12,172.83,171.07,37455893,-0.004539,28,5074013,31.36307
101594,20180222,03783310,AAPL,3571,0,4,,0,314,171.71,173.95,171.8,172.5,30979174,0.008359,28,5074013,31.36307
101594,20180223,03783310,AAPL,3571,0,4,,0,314,173.54,175.65,173.67,175.5,33807054,0.017391,28,5074013,31.36307
101594,20180226,03783310,AAPL,3571,0,4,,0,314,176.21,179.39,176.35,178.97,38149566,0.019772,28,5074013,31.36307
101594,20180227,03783310,AAPL,3571,0,4,,0,314,178.16,180.48,179.1,178.39,38918032,-0.003241,28,5074013,31.36307
101594,20180228,03783310,AAPL,3571,0,4,,0,314,178.05,180.615,179.26,178.12,37772304,-0.001514,28,5074013,31.36307
101594,20180301,03783310,AAPL,3571,0,4,,0,314,172.66,179.775,178.54,175,48786440,-0.017516,28,5074013,31.36307
101594,20180302,03783310,AAPL,3571,0,4,,0,314,172.45,176.3,172.8,176.21,38445722,0.006914,28,5074013,31.36307
101594,20180305,03783310,AAPL,3571,0,4,,0,314,174.52,177.74,175.21,176.82,28396193,0.003462,28,5074013,31.36307
101594,20180306,03783310,AAPL,3571,0,4,,0,314,176.13,178.25,177.91,176.67,23759157,-0.000848,28,5074013,31.36307
101594,20180307,03783310,AAPL,3571,0,4,,0,314,174.27,175.85,174.94,175.03,31698931,-0.009283,28,5074013,31.36307
101594,20180308,03783310,AAPL,3571,0,4,,0,314,175.07,177.12,175.48,176.94,23765968,0.010912,28,5074013,31.36307
101594,20180309,03783310,AAPL,3571,0,4,,0,314,177.39,180,177.96,179.98,32179544,0.017181,28,5074013,31.36307
101594,20180312,03783310,AAPL,3571,0,4,,0,314,180.21,182.39,180.29,181.72,32201410,0.009668,28,5074013,31.36307
101594,20180313,03783310,AAPL,3571,0,4,,0,314,179.24,183.5,182.59,179.97,31685093,-0.00963,28,5074013,31.36307
101594,20180314,03783310,AAPL,3571,0,4,,0,314,177.81,180.52,180.32,178.44,29352120,-0.008501,28,5074013,31.36307
101594,20180315,03783310,AAPL,3571,0,4,,0,314,178.0701,180.24,178.5,178.65,22739868,0.001177,28,5074013,31.36307
101594,20180316,03783310,AAPL,3571,0,4,,0,314,177.62,179.12,178.65,178.02,39395885,-0.003526,28,5074013,31.36307
101594,20180319,03783310,AAPL,3571,0,4,,0,314,173.66,177.47,177.32,175.3,33443171,-0.015279,28,5074013,31.36307
101594,20180320,03783310,AAPL,3571,0,4,,0,314,174.94,176.8,175.24,175.24,19646851,-0.000342,28,5074013,31.36307
101594,20180321,03783310,AAPL,3571,0,4,,0,314,171.26,175.09,175.04,171.27,37045657,-0.022655,28,5074013,31.36307
101594,20180322,03783310,AAPL,3571,0,4,,0,314,168.6,172.68,170,168.85,41454805,-0.01413,28,5074013,31.36307
101594,20180323,03783310,AAPL,3571,0,4,,0,314,164.94,169.92,168.39,164.94,41022363,-0.023157,28,5074013,31.36307
101594,20180326,03783310,AAPL,3571,0,4,,0,314,166.44,173.1,168.07,172.77,37535740,0.047472,28,5074013,31.36307
101594,20180327,03783310,AAPL,3571,0,4,,0,314,166.92,175.15,173.68,168.34,40889318,-0.025641,28,5074013,31.36307
101594,20180328,03783310,AAPL,3571,0,4,,0,314,165.19,170.02,167.25,166.48,41662953,-0.011049,28,5074013,31.36307
101594,20180329,03783310,AAPL,3571,0,4,,0,314,166.9,171.75,167.805,167.78,38384183,0.007809,28,5074013,31.36307
101594,20180402,03783310,AAPL,3571,0,4,,0,314,164.47,168.94,167.88,166.68,37567429,-0.006556,28,5074013,31.36307
101594,20180403,03783310,AAPL,3571,0,4,,0,314,164.88,168.7455,167.64,168.39,30268695,0.010259,28,5074013,31.36307
101594,20180404,03783310,AAPL,3571,0,4,,0,314,164.77,172.01,164.88,171.61,34598772,0.019122,28,5074013,31.36307
101594,20180405,03783310,AAPL,3571,0,4,,0,314,172.08,174.2304,172.58,172.8,26876551,0.006934,28,5074013,31.36307
101594,20180406,03783310,AAPL,3571,0,4,,0,314,168.2,172.48,170.97,168.38,34998849,-0.025579,28,5074013,31.36307
101594,20180409,03783310,AAPL,3571,0,4,,0,314,169.845,173.09,169.88,170.05,29005570,0.009918,28,5074013,31.36307
101594,20180410,03783310,AAPL,3571,0,4,,0,314,171.53,174,173,173.25,28599353,0.018818,28,5074013,31.36307
101594,20180411,03783310,AAPL,3571,0,4,,0,314,171.7,173.9232,172.23,172.44,22421545,-0.004675,28,5074013,31.36307
101594,20180412,03783310,AAPL,3571,0,4,,0,314,173.04,175,173.41,174.14,22878394,0.009858,28,5074013,31.36307
101594,20180413,03783310,AAPL,3571,0,4,,0,314,173.85,175.84,174.78,174.73,25119898,0.003388,28,5074013,31.36307
101594,20180416,03783310,AAPL,3571,0,4,,0,314,174.8301,176.19,175.0301,175.82,21570785,0.006238,28,5074013,31.36307
101594,20180417,03783310,AAPL,3571,0,4,,0,314,176.41,178.9365,176.49,178.24,26600541,0.013764,28,5074013,31.36307
101594,20180418,03783310,AAPL,3571,0,4,,0,314,176.88,178.82,177.81,177.84,20749997,-0.002244,28,5074013,31.36307
101594,20180419,03783310,AAPL,3571,0,4,,0,314,172.66,175.39,174.95,172.8,34801944,-0.02834,28,5074013,31.36307
101594,20180420,03783310,AAPL,3571,0,4,,0,314,165.43,171.2184,170.595,165.72,65474699,-0.040972,28,5074013,31.36307
101594,20180423,03783310,AAPL,3571,0,4,,0,314,164.09,166.92,166.8348,165.24,36492725,-0.002896,28,5074013,31.36307
101594,20180424,03783310,AAPL,3571,0,4,,0,314,161.2201,166.33,165.67,162.94,33689219,-0.013919,28,5074013,31.36307
101594,20180425,03783310,AAPL,3571,0,4,,0,314,162.41,165.42,162.62,163.65,28371198,0.004357,28,5074013,31.36307
101594,20180426,03783310,AAPL,3571,0,4,,0,314,163.37,165.73,164.12,164.22,27958849,0.003483,28,5074013,31.36307
101594,20180427,03783310,AAPL,3571,0,4,,0,314,160.63,164.33,164,162.32,35646349,-0.01157,28,5074013,31.36307
101594,20180430,03783310,AAPL,3571,0,4,,0,314,161.84,167.26,162.1302,165.26,42396819,0.018112,28,5074013,31.36307
101594,20180501,03783310,AAPL,3571,0,4,,0,314,165.27,169.2,166.4102,169.1,53451389,0.023236,28,5074013,31.36307
101594,20180502,03783310,AAPL,3571,0,4,,0,314,173.8,177.75,175.225,176.57,66516097,0.044175,28,5074013,31.36307
101594,20180503,03783310,AAPL,3571,0,4,,0,314,174.4411,177.5,175.88,176.89,34050656,0.001812,28,4943282,31.36307
101594,20180504,03783310,AAPL,3571,0,4,,0,314,178.17,184.25,178.25,183.83,56181050,0.039233,28,4915138,31.36307
101594,20180507,03783310,AAPL,3571,0,4,,0,314,184.75,187.67,185.18,185.16,42436447,0.007235,28,4915138,31.36307
101594,20180508,03783310,AAPL,3571,0,4,,0,314,183.665,186.22,184.99,186.05,28395014,0.004807,28,4915138,31.36307
101594,20180509,03783310,AAPL,3571,0,4,,0,314,185.22,187.4,186.55,187.36,23204451,0.007041,28,4915138,31.36307
101594,20180510,03783310,AAPL,3571,0,4,,0,314,187.65,190.37,187.74,190.04,27974711,0.014304,28,4915138,31.36307
101594,20180511,03783310,AAPL,3571,0,4,,0,314,187.45,190.06,189.49,188.59,26191689,-0.003789,28,4915138,31.48447
101594,20180514,03783310,AAPL,3571,0,4,,0,314,187.86,189.53,189.01,188.15,20771269,-0.002333,28,4915138,31.48447
101594,20180515,03783310,AAPL,3571,0,4,,0,314,185.1,187.07,186.78,186.44,23679984,-0.009088,28,4915138,31.48447
101594,20180516,03783310,AAPL,3571,0,4,,0,314,186,188.46,186.07,188.18,19181633,0.009333,28,4915138,31.48447
101594,20180517,03783310,AAPL,3571,0,4,,0,314,186.36,188.91,188,186.99,17290818,-0.006324,28,4915138,31.48447
101594,20180518,03783310,AAPL,3571,0,4,,0,314,186.13,187.8102,187.19,186.31,18296936,-0.003637,28,4915138,31.48447
101594,20180521,03783310,AAPL,3571,0,4,,0,314,186.9106,189.27,188,187.63,18398908,0.007085,28,4915138,31.48447
101594,20180522,03783310,AAPL,3571,0,4,,0,314,186.78,188.88,188.375,187.16,15238344,-0.002505,28,4915138,31.48447
101594,20180523,03783310,AAPL,3571,0,4,,0,314,185.76,188.5,186.35,188.36,20047954,0.006412,28,4915138,31.48447
101594,20180524,03783310,AAPL,3571,0,4,,0,314,186.21,188.84,188.77,188.15,23230390,-0.001115,28,4915138,31.48447
101594,20180525,03783310,AAPL,3571,0,4,,0,314,187.65,189.65,188.23,188.58,17458958,0.002285,28,4915138,31.48447
101594,20180529,03783310,AAPL,3571,0,4,,0,314,186.87,188.75,187.6,187.9,22509737,-0.003606,28,4915138,31.48447
101594,20180530,03783310,AAPL,3571,0,4,,0,314,186.78,188,187.72,187.5,18688278,-0.002129,28,4915138,31.48447
101594,20180531,03783310,AAPL,3571,0,4,,0,314,186.14,188.23,187.22,186.87,27478689,-0.00336,28,4915138,31.48447
101594,20180601,03783310,AAPL,3571,0,4,,0,314,187.75,190.26,187.9912,190.24,23438224,0.018034,28,4915138,31.48447
101594,20180604,03783310,AAPL,3571,0,4,,0,314,191.35,193.42,191.635,191.83,26254700,0.008358,28,4915138,31.48447
101594,20180605,03783310,AAPL,3571,0,4,,0,314,192.36,193.94,193.065,193.31,21561974,0.007715,28,4915138,31.48447
101594,20180606,03783310,AAPL,3571,0,4,,0,314,191.92,194.08,193.63,193.98,20926538,0.003466,28,4915138,31.48447
101594,20180607,03783310,AAPL,3571,0,4,,0,314,192.335,194.2,194.14,193.46,21340741,-0.002681,28,4915138,31.48447
101594,20180608,03783310,AAPL,3571,0,4,,0,314,189.77,192,191.17,191.7,26651861,-0.009098,28,4915138,31.48447
101594,20180611,03783310,AAPL,3571,0,4,,0,314,190.21,191.97,191.35,191.23,18308460,-0.002452,28,4915140,31.48447
101594,20180612,03783310,AAPL,3571,0,4,,0,314,191.15,192.611,191.385,192.28,16911141,0.005491,28,4915140,31.48447
101594,20180613,03783310,AAPL,3571,0,4,,0,314,190.44,192.88,192.42,190.7,21638393,-0.008217,28,4915140,31.48447
101594,20180614,03783310,AAPL,3571,0,4,,0,314,190.22,191.57,191.55,190.8,21610074,0.000524,28,4915140,31.48447
101594,20180615,03783310,AAPL,3571,0,4,,0,314,188.26,190.16,190.03,188.84,61719160,-0.010273,28,4915140,31.48447
101594,20180618,03783310,AAPL,3571,0,4,,0,314,187.2,189.22,187.88,188.74,18484865,-0.00053,28,4915140,31.48447
101594,20180619,03783310,AAPL,3571,0,4,,0,314,183.45,186.33,185.14,185.69,33578455,-0.01616,28,4915140,31.48447
101594,20180620,03783310,AAPL,3571,0,4,,0,314,185.73,187.2,186.35,186.5,20628701,0.004362,28,4915140,31.48447
101594,20180621,03783310,AAPL,3571,0,4,,0,314,184.94,188.35,187.25,185.46,25711898,-0.005576,28,4915140,31.48447
101594,20180622,03783310,AAPL,3571,0,4,,0,314,184.7,186.15,186.12,184.92,27200447,-0.002912,28,4915140,31.48447
101594,20180625,03783310,AAPL,3571,0,4,,0,314,180.73,184.92,183.4,182.17,31663096,-0.014871,28,4915140,31.48447
101594,20180626,03783310,AAPL,3571,0,4,,0,314,182.54,186.53,182.99,184.43,24569201,0.012406,28,4915140,31.48447
101594,20180627,03783310,AAPL,3571,0,4,,0,314,184.03,187.28,185.2278,184.16,25285328,-0.001464,28,4915140,31.48447
101594,20180628,03783310,AAPL,3571,0,4,,0,314,183.8,186.21,184.1,185.5,17365235,0.007276,28,4915140,31.48447
101594,20180629,03783310,AAPL,3571,0,4,,0,314,182.91,187.19,186.29,185.11,22737666,-0.002102,28,4915140,31.48447
101594,20180702,03783310,AAPL,3571,0,4,,0,314,183.42,187.3,183.82,187.18,17731343,0.011183,28,4915140,31.48447
101594,20180703,03783310,AAPL,3571,0,4,,0,314,183.54,187.95,187.79,183.92,13954806,-0.017416,28,4915140,31.48447
101594,20180705,03783310,AAPL,3571,0,4,,0,314,184.28,186.41,185.26,185.4,16604248,0.008047,28,4915140,31.48447
101594,20180706,03783310,AAPL,3571,0,4,,0,314,185.2,188.434,185.42,187.97,17485245,0.013862,28,4915140,31.48447
101594,20180709,03783310,AAPL,3571,0,4,,0,314,189.3,190.68,189.5,190.58,19756634,0.013885,28,4915140,31.48447
101594,20180710,03783310,AAPL,3571,0,4,,0,314,190.1801,191.28,190.71,190.35,15939149,-0.001207,28,4915140,31.48447
101594,20180711,03783310,AAPL,3571,0,4,,0,314,187.61,189.7799,188.5,187.88,18831470,-0.012976,28,4915140,31.48447
101594,20180712,03783310,AAPL,3571,0,4,,0,314,189.31,191.41,189.53,191.03,18041131,0.016766,28,4915140,31.48447
101594,20180713,03783310,AAPL,3571,0,4,,0,314,190.9,191.84,191.08,191.33,12519792,0.00157,28,4915140,31.48447
101594,20180716,03783310,AAPL,3571,0,4,,0,314,190.415,192.65,191.52,190.91,15043110,-0.002195,28,4915140,31.48447
101594,20180717,03783310,AAPL,3571,0,4,,0,314,189.2,191.87,189.75,191.45,15534523,0.002829,28,4915140,31.48447
101594,20180718,03783310,AAPL,3571,0,4,,0,314,189.93,191.8,191.78,190.4,16393381,-0.005484,28,4915140,31.48447
101594,20180719,03783310,AAPL,3571,0,4,,0,314,189.69,192.55,189.69,191.88,20286752,0.007773,28,4915140,31.48447
101594,20180720,03783310,AAPL,3571,0,4,,0,314,190.17,192.43,191.78,191.44,20706042,-0.002293,28,4915140,31.48447
101594,20180723,03783310,AAPL,3571,0,4,,0,314,189.56,191.96,190.68,191.61,15989365,0.000888,28,4915140,31.48447
101594,20180724,03783310,AAPL,3571,0,4,,0,314,192.05,193.6601,192.45,193,18697898,0.007254,28,4915140,31.48447
101594,20180725,03783310,AAPL,3571,0,4,,0,314,192.43,194.85,193.0602,194.82,16826483,0.00943,28,4915140,31.48447
101594,20180726,03783310,AAPL,3571,0,4,,0,314,193.61,195.96,194.61,194.21,19075964,-0.003131,28,4915140,31.48447
101594,20180727,03783310,AAPL,3571,0,4,,0,314,190.1,195.19,194.99,190.98,24023972,-0.016632,28,4915140,31.48447
101594,20180730,03783310,AAPL,3571,0,4,,0,314,189.07,192.2,191.9,189.91,21029535,-0.005603,28,4915140,31.48447
101594,20180731,03783310,AAPL,3571,0,4,,0,314,189.34,192.14,190.3,190.29,39373038,0.002001,28,4915140,31.48447
101594,20180801,03783310,AAPL,3571,0,4,,0,314,197.31,201.76,199.13,201.5,67935716,0.05891,28,4915140,31.48447
101594,20180802,03783310,AAPL,3571,0,4,,0,314,200.35,208.38,200.58,207.39,62404012,0.029231,28,4829930,31.48447
101594,20180803,03783310,AAPL,3571,0,4,,0,314,205.4803,208.74,207.03,207.99,33447396,0.002893,28,4829930,31.48447
101594,20180806,03783310,AAPL,3571,0,4,,0,314,207.07,209.25,208,209.07,25425387,0.005193,28,4829930,31.48447
101594,20180807,03783310,AAPL,3571,0,4,,0,314,206.76,209.5,209.32,207.11,25587387,-0.009375,28,4829930,31.48447
101594,20180808,03783310,AAPL,3571,0,4,,0,314,204.52,207.81,206.05,207.25,22525487,0.000676,28,4829930,31.48447
101594,20180809,03783310,AAPL,3571,0,4,,0,314,207.2,209.78,207.28,208.88,23492626,0.007865,28,4829930,31.48447
101594,20180810,03783310,AAPL,3571,0,4,,0,314,206.67,209.1,207.36,207.53,24611202,-0.002968,28,4829930,31.59522
101594,20180813,03783310,AAPL,3571,0,4,,0,314,207.7,210.952,207.7,208.87,25890880,0.006457,28,4829930,31.59522
101594,20180814,03783310,AAPL,3571,0,4,,0,314,208.26,210.56,210.155,209.75,20748010,0.004213,28,4829930,31.59522
101594,20180815,03783310,AAPL,3571,0,4,,0,314,208.33,210.74,209.22,210.24,28807564,0.002336,28,4829930,31.59522
101594,20180816,03783310,AAPL,3571,0,4,,0,314,211.47,213.8121,211.75,213.32,28500367,0.01465,28,4829930,31.59522
101594,20180817,03783310,AAPL,3571,0,4,,0,314,213.16,217.95,213.44,217.58,35426997,0.01997,28,4829930,31.59522
101594,20180820,03783310,AAPL,3571,0,4,,0,314,215.11,219.18,218.1,215.46,30287695,-0.009744,28,4829930,31.59522
101594,20180821,03783310,AAPL,3571,0,4,,0,314,214.025,217.19,216.8,215.04,26159755,-0.001949,28,4829930,31.59522
101594,20180822,03783310,AAPL,3571,0,4,,0,314,213.84,216.36,214.1,215.05,19018131,0.000047,28,4829930,31.59522
101594,20180823,03783310,AAPL,3571,0,4,,0,314,214.6,217.05,214.65,215.49,18883224,0.002046,28,4829930,31.59522
101594,20180824,03783310,AAPL,3571,0,4,,0,314,215.11,216.9,216.6,216.16,18476356,0.003109,28,4829930,31.59522
101594,20180827,03783310,AAPL,3571,0,4,,0,314,216.33,218.74,217.15,217.94,20525117,0.008235,28,4829930,31.59522
101594,20180828,03783310,AAPL,3571,0,4,,0,314,218.92,220.54,219.01,219.7,22776766,0.008076,28,4829930,31.59522
101594,20180829,03783310,AAPL,3571,0,4,,0,314,219.41,223.49,220.15,222.98,27254804,0.014929,28,4829930,31.59522
101594,20180830,03783310,AAPL,3571,0,4,,0,314,222.4,228.26,223.25,225.03,48793824,0.009194,28,4829930,31.59522
101594,20180831,03783310,AAPL,3571,0,4,,0,314,226,228.87,226.51,227.63,43340134,0.011554,28,4829930,31.59522
101594,20180904,03783310,AAPL,3571,0,4,,0,314,226.63,229.18,228.41,228.36,27390132,0.003207,28,4829930,31.59522
101594,20180905,03783310,AAPL,3571,0,4,,0,314,225.1,229.67,228.99,226.87,33332960,-0.006525,28,4829930,31.59522
101594,20180906,03783310,AAPL,3571,0,4,,0,314,221.3,227.35,226.23,223.1,34289976,-0.016617,28,4829930,31.59522
101594,20180907,03783310,AAPL,3571,0,4,,0,314,220.71,225.37,221.85,221.3,37619810,-0.008068,28,4829930,31.59522
101594,20180910,03783310,AAPL,3571,0,4,,0,314,216.47,221.85,220.95,218.33,39516453,-0.013421,28,4829930,31.59522
101594,20180911,03783310,AAPL,3571,0,4,,0,314,216.56,224.299,218.01,223.85,35749049,0.025283,28,4829930,31.59522
101594,20180912,03783310,AAPL,3571,0,4,,0,314,219.84,225,224.94,221.07,49278740,-0.012419,28,4829930,31.59522
101594,20180913,03783310,AAPL,3571,0,4,,0,314,222.57,228.35,223.52,226.41,41706377,0.024155,28,4829930,31.59522
101594,20180914,03783310,AAPL,3571,0,4,,0,314,222.522,226.84,225.75,223.84,31999289,-0.011351,28,4829930,31.59522
101594,20180917,03783310,AAPL,3571,0,4,,0,314,217.27,222.95,222.15,217.88,37195133,-0.026626,28,4829930,31.59522
101594,20180918,03783310,AAPL,3571,0,4,,0,314,217.12,221.85,217.79,218.24,31571712,0.001652,28,4829930,31.59522
101594,20180919,03783310,AAPL,3571,0,4,,0,314,215.3,219.62,218.5,218.37,27123833,0.000596,28,4829930,31.59522
101594,20180920,03783310,AAPL,3571,0,4,,0,314,219.15,222.28,220.24,220.03,26608794,0.007602,28,4829930,31.59522
101594,20180921,03783310,AAPL,3571,0,4,,0,314,217.29,221.36,220.78,217.66,96246748,-0.010771,28,4829930,31.59522
101594,20180924,03783310,AAPL,3571,0,4,,0,314,216.63,221.26,216.82,220.79,27693358,0.01438,28,4829930,31.59522
101594,20180925,03783310,AAPL,3571,0,4,,0,314,219.7,222.82,219.75,222.19,24554379,0.006341,28,4829930,31.59522
101594,20180926,03783310,AAPL,3571,0,4,,0,314,219.76,223.75,221,220.42,23984706,-0.007966,28,4829930,31.59522
101594,20180927,03783310,AAPL,3571,0,4,,0,314,223.54,226.44,223.82,224.95,30181227,0.020552,28,4829930,31.59522
101594,20180928,03783310,AAPL,3571,0,4,,0,314,224.02,225.84,224.79,225.74,22929364,0.003512,28,4829930,31.59522
101594,20181001,03783310,AAPL,3571,0,4,,0,314,226.35,229.42,227.95,227.26,23600802,0.006733,28,4829930,31.59522
101594,20181002,03783310,AAPL,3571,0,4,,0,314,226.63,230,227.25,229.28,24788170,0.008889,28,4829930,31.59522
101594,20181003,03783310,AAPL,3571,0,4,,0,314,229.78,233.47,230.05,232.07,28654799,0.012169,28,4829930,31.59522
101594,20181004,03783310,AAPL,3571,0,4,,0,314,226.73,232.35,230.78,227.99,32042000,-0.017581,28,4829930,31.59522
101594,20181005,03783310,AAPL,3571,0,4,,0,314,220.58,228.41,227.96,224.29,33580463,-0.016229,28,4829930,31.59522
101594,20181008,03783310,AAPL,3571,0,4,,0,314,220.2,224.8,222.21,223.77,29663923,-0.002318,28,4829930,31.59522
101594,20181009,03783310,AAPL,3571,0,4,,0,314,222.2462,227.27,223.64,226.87,26891029,0.013853,28,4829930,31.59522
101594,20181010,03783310,AAPL,3571,0,4,,0,314,216.05,226.35,225.46,216.36,41990554,-0.046326,28,4829930,31.59522
101594,20181011,03783310,AAPL,3571,0,4,,0,314,212.32,219.5,214.52,214.45,53124392,-0.008828,28,4829930,31.59522
101594,20181012,03783310,AAPL,3571,0,4,,0,314,216.84,222.88,220.42,222.11,40337851,0.035719,28,4829930,31.59522
101594,20181015,03783310,AAPL,3571,0,4,,0,314,217.27,221.83,221.16,217.36,30791007,-0.021386,28,4829930,31.59522
101594,20181016,03783310,AAPL,3571,0,4,,0,314,216.7627,222.99,218.93,222.15,29183963,0.022037,28,4829930,31.59522
101594,20181017,03783310,AAPL,3571,0,4,,0,314,219.34,222.64,222.3,221.19,22885397,-0.004321,28,4829930,31.59522
101594,20181018,03783310,AAPL,3571,0,4,,0,314,213,219.74,217.86,216.02,32581315,-0.023374,28,4829930,31.59522
101594,20181019,03783310,AAPL,3571,0,4,,0,314,217.43,221.26,218.06,219.31,33078726,0.01523,28,4829930,31.59522
101594,20181022,03783310,AAPL,3571,0,4,,0,314,218.94,223.36,219.79,220.65,28792082,0.00611,28,4829930,31.59522
101594,20181023,03783310,AAPL,3571,0,4,,0,314,214.7,223.25,215.83,222.73,38767846,0.009427,28,4829930,31.59522
101594,20181024,03783310,AAPL,3571,0,4,,0,314,214.54,224.23,222.6,215.09,40925163,-0.034302,28,4829930,31.59522
101594,20181025,03783310,AAPL,3571,0,4,,0,314,216.75,221.38,217.71,219.8,29855768,0.021898,28,4829930,31.59522
101594,20181026,03783310,AAPL,3571,0,4,,0,314,212.67,220.19,215.9,216.3,47258375,-0.015924,28,4829930,31.59522
101594,20181029,03783310,AAPL,3571,0,4,,0,314,206.09,219.69,219.19,212.24,45935520,-0.01877,28,4829930,31.59522
101594,20181030,03783310,AAPL,3571,0,4,,0,314,209.27,215.18,211.15,213.3,36659990,0.004994,28,4829930,31.59522
101594,20181031,03783310,AAPL,3571,0,4,,0,314,216.62,220.45,216.88,218.86,38358933,0.026067,28,4829930,31.59522
101594,20181101,03783310,AAPL,3571,0,4,,0,314,216.81,222.36,219.05,222.22,58323180,0.015352,28,4829930,31.59522
101594,20181102,03783310,AAPL,3571,0,4,,0,314,205.43,213.65,209.55,207.48,91328654,-0.066331,28,4829930,31.59522
101594,20181105,03783310,AAPL,3571,0,4,,0,314,198.17,204.39,204.3,201.59,66163669,-0.028388,28,4829930,31.59522
101594,20181106,03783310,AAPL,3571,0,4,,0,314,201.69,204.72,201.92,203.77,31882881,0.010814,28,4754990,31.59522
101594,20181107,03783310,AAPL,3571,0,4,,0,314,204.13,210.06,205.97,209.95,33424434,0.030328,28,4745400,31.59522
101594,20181108,03783310,AAPL,3571,0,4,,0,314,206.75,210.12,209.98,208.49,25362636,-0.003477,28,4745400,31.70585
101594,20181109,03783310,AAPL,3571,0,4,,0,314,202.25,206.01,205.55,204.47,34365750,-0.019282,28,4745400,31.70585
101594,20181112,03783310,AAPL,3571,0,4,,0,314,193.79,199.85,199,194.17,51135518,-0.050374,28,4745400,31.70585
101594,20181113,03783310,AAPL,3571,0,4,,0,314,191.4501,197.18,191.63,192.23,46882936,-0.009991,28,4745400,31.70585
101594,20181114,03783310,AAPL,3571,0,4,,0,314,185.93,194.48,193.9,186.8,60800957,-0.028247,28,4745400,31.70585
101594,20181115,03783310,AAPL,3571,0,4,,0,314,186.9,191.97,188.39,191.41,46478801,0.024679,28,4745400,31.70585
101594,20181116,03783310,AAPL,3571,0,4,,0,314,189.46,194.9695,190.5,193.53,36928253,0.011076,28,4745400,31.70585
101594,20181119,03783310,AAPL,3571,0,4,,0,314,184.99,190.7,190,185.86,41920872,-0.039632,28,4745400,31.70585
101594,20181120,03783310,AAPL,3571,0,4,,0,314,175.51,181.47,178.37,176.98,67825247,-0.047778,28,4745400,31.70585
101594,20181121,03783310,AAPL,3571,0,4,,0,314,176.55,180.27,179.73,176.78,31124210,-0.00113,28,4745400,31.70585
101594,20181123,03783310,AAPL,3571,0,4,,0,314,172.1,176.595,174.94,172.29,23623972,-0.025399,28,4745400,31.70585
101594,20181126,03783310,AAPL,3571,0,4,,0,314,170.26,174.95,174.24,174.62,44998520,0.013524,28,4745400,31.70585
101594,20181127,03783310,AAPL,3571,0,4,,0,314,170.88,174.77,171.51,174.24,41387377,-0.002176,28,4745400,31.70585
101594,20181128,03783310,AAPL,3571,0,4,,0,314,174.93,181.29,176.73,180.94,46062539,0.038453,28,4745400,31.70585
101594,20181129,03783310,AAPL,3571,0,4,,0,314,177.7,182.8,182.66,179.55,41769992,-0.007682,28,4745400,31.70585
101594,20181130,03783310,AAPL,3571,0,4,,0,314,177.03,180.33,180.29,178.58,39531549,-0.005402,28,4745400,31.70585
101594,20181203,03783310,AAPL,3571,0,4,,0,314,181.21,184.94,184.46,184.82,40798002,0.034942,28,4745400,31.70585
101594,20181204,03783310,AAPL,3571,0,4,,0,314,176.27,182.3899,180.95,176.69,41344282,-0.043989,28,4745400,31.70585
101594,20181206,03783310,AAPL,3571,0,4,,0,314,170.42,174.78,171.76,174.72,43098410,-0.011149,28,4745400,31.70585
101594,20181207,03783310,AAPL,3571,0,4,,0,314,168.3,174.49,173.49,168.49,42281631,-0.035657,28,4745400,31.70585
101594,20181210,03783310,AAPL,3571,0,4,,0,314,163.33,170.09,165,169.6,62025994,0.006588,28,4745400,31.70585
101594,20181211,03783310,AAPL,3571,0,4,,0,314,167,171.79,171.66,168.63,47281665,-0.005719,28,4745400,31.70585
101594,20181212,03783310,AAPL,3571,0,4,,0,314,169.02,171.92,170.4,169.1,35627674,0.002787,28,4745400,31.70585
101594,20181213,03783310,AAPL,3571,0,4,,0,314,169.55,172.57,170.49,170.95,31897827,0.01094,28,4745400,31.70585
101594,20181214,03783310,AAPL,3571,0,4,,0,314,165.28,169.08,169,165.48,40703710,-0.031998,28,4745400,31.70585
101594,20181217,03783310,AAPL,3571,0,4,,0,314,162.73,168.35,165.45,163.94,44287922,-0.009306,28,4745400,31.70585
101594,20181218,03783310,AAPL,3571,0,4,,0,314,164.39,167.53,165.38,166.07,33841518,0.012993,28,4745400,31.70585
101594,20181219,03783310,AAPL,3571,0,4,,0,314,159.09,167.45,166,160.89,49047297,-0.031192,28,4745400,31.70585
101594,20181220,03783310,AAPL,3571,0,4,,0,314,155.3,162.11,160.4,156.83,64772960,-0.025235,28,4745400,31.70585
101594,20181221,03783310,AAPL,3571,0,4,,0,314,149.63,158.16,156.86,150.73,95744384,-0.038896,28,4745400,31.70585
101594,20181224,03783310,AAPL,3571,0,4,,0,314,146.59,151.55,148.15,146.83,37169232,-0.025874,28,4745400,31.70585
101594,20181226,03783310,AAPL,3571,0,4,,0,314,146.72,157.23,148.3,157.17,58582544,0.070422,28,4745400,31.70585
101594,20181227,03783310,AAPL,3571,0,4,,0,314,150.07,156.77,155.84,156.15,53117065,-0.00649,28,4745400,31.70585
101594,20181228,03783310,AAPL,3571,0,4,,0,314,154.55,158.52,157.5,156.23,42291424,0.000512,28,4745400,31.70585
101594,20181231,03783310,AAPL,3571,0,4,,0,314,156.48,159.36,158.53,157.74,35003466,0.009665,28,4745400,31.70585
